term,stem,count,sample_size,ratio,google_w2v_x,google_w2v_y
"london","london","1005","1000","1.005","2.012523983960155","-0.031454572871003866"
"finals","final","50","1000","0.05","-0.8687023235541691","-0.06642231617654262"
"atp","atp","50","1000","0.05","-0.021658053614816753","-0.2902175075158797"
"uk","uk","36","1000","0.036","1.92861848644063","-0.280905016694336"
"british","british","36","1000","0.036","1.7752438540215632","0.11224021948432572"
"britain","britain","35","1000","0.035","1.617865506054877","0.41544870694799513"
"reuters","reuter","33","1000","0.033","1.059543862978821","-0.09567044339830881"
"prince","princ","33","1000","0.033","-0.2853654927774317","1.103588144322646"
"buhari","buhari","33","1000","0.033","0.34833527869595504","0.02727703312720994"
"remembrance","remembr","32","1000","0.032","-0.6254156457929573","1.1580784323392286"
"england","england","31","1000","0.031","2.2195113665168447","-0.12906018040547423"
"djokovic","djokov","31","1000","0.031","",""
"university","univers","30","1000","0.03","-0.5845427909364319","0.48003561840108155"
"royal","royal","26","1000","0.026","-0.20598598432326817","1.0456574072296592"
"london-based","london-bas","26","1000","0.026","",""
"mayor","mayor","25","1000","0.025","-0.6448725640110298","0.8422270309494712"
"harry","harri","25","1000","0.025","1.5105090251825726","-0.0037569588299556076"
"nadal","nadal","24","1000","0.024","1.1383724840254525","-0.046184054916962834"
"cenotaph","cenotaph","24","1000","0.024","-0.3567600773884243","1.811836830353721"
"united","unit","22","1000","0.022","-0.37663009241129963","0.24389640947701624"
"election","elect","21","1000","0.021","-0.6520649473930711","0.6227264759517092"
"constitution","constitut","20","1000","0.02","-0.3231343653359355","0.922131199036926"
"christmas","christma","19","1000","0.019","1.1653508607247707","0.1910754999181803"
"ubani","ubani","18","1000","0.018","",""
"trump","trump","18","1000","0.018","-0.4379490175038693","-0.7061786324367645"
"premier","premier","18","1000","0.018","-0.6661801571047312","-0.5227500622563144"
"league","leagu","18","1000","0.018","-0.5554896057185933","0.0007715205305625125"
"federer","feder","18","1000","0.018","1.069620272262004","-0.01113750419473127"
"conservatives","conserv","18","1000","0.018","-0.423434683003058","0.5226543772468539"
"breached","breach","18","1000","0.018","-0.6005024859764047","-0.41214945256851754"
"arsenal","arsenal","18","1000","0.018","-0.5211026048985512","-0.34068468302935206"
"arena","arena","18","1000","0.018","-0.6626055749638158","-0.1340714351876905"
"o2","o2","16","1000","0.016","0.5557907453305824","-0.2936910456759126"
"johnson's","johnson","16","1000","0.016","",""
"awards","award","16","1000","0.016","-0.7495246559595282","-0.4124761114425103"
"european","european","15","1000","0.015","1.7177619795180963","-0.4736378439605099"
"economics","econom","15","1000","0.015","-0.35232482759990075","-0.27368715093549695"
"william","william","14","1000","0.014","2.171526062107705","0.285740926346141"
"ranking","rank","14","1000","0.014","-0.7281783267017983","-0.4388544406225067"
"novak","novak","14","1000","0.014","0.42279727346132145","-0.1702465236113212"
"lord","lord","14","1000","0.014","0.34321737697885185","0.6056629357909261"
"leicester","leicest","14","1000","0.014","0.5075762920248768","-0.17063598218160653"
"college","colleg","14","1000","0.014","-0.4877065956258419","0.19625690067544502"
"ceremony","ceremoni","14","1000","0.014","-0.8575416777818391","0.7910089565407349"
"campaign","campaign","14","1000","0.014","-0.7834656968581432","0.11915487422381771"
"paris","pari","13","1000","0.013","1.6341705552717476","0.17805993083772703"
"olympic","olymp","13","1000","0.013","0.8954607732070657","0.04993450639414665"
"museum","museum","13","1000","0.013","-0.7084319762253767","0.9971073189636117"
"minister","minist","13","1000","0.013","-0.6336349228441563","0.6739659161272278"
"veterans","veteran","12","1000","0.012","-0.7947571409967604","0.31627283225622715"
"tsitsipas","tsitsipa","12","1000","0.012","",""
"summit","summit","12","1000","0.012","-0.6243830756531443","0.33604750841256004"
"rafael","rafael","12","1000","0.012","0.33695311251642546","-0.22234919558624885"
"manchester","manchest","12","1000","0.012","1.5508907980632702","-0.19659887381786412"
"hospital","hospit","12","1000","0.012","-0.712053015322826","0.6598775493191555"
"global","global","12","1000","0.012","-0.42058795145751865","-0.5758368859753548"
"zverev","zverev","11","1000","0.011","",""
"wreath","wreath","11","1000","0.011","-0.5962034553689761","1.508075586572391"
"theatre","theatr","11","1000","0.011","",""
"roger","roger","11","1000","0.011","1.546323350101366","-0.005192407595689319"
"queen","queen","11","1000","0.011","-0.13325073353433253","0.7482424657495612"
"pictured","pictur","11","1000","0.011","-0.4188060914929172","-0.08960287824576647"
"park","park","11","1000","0.011","-0.6349300617674567","0.4295446044233196"
"media","media","11","1000","0.011","-0.45058533283696933","-0.056844825611720565"
"cup","cup","11","1000","0.011","-0.20728950522507966","0.11259718010179287"
"bbc","bbc","11","1000","0.011","1.8219278917563388","0.1016616598020582"
"year-end","year-end","10","1000","0.01","-0.3685708344173496","-0.45863920680844256"
"victims","victim","10","1000","0.01","-0.7140835102504172","0.7188835274252923"
"tennis","tenni","10","1000","0.01","-0.3782852847470825","0.10745596169288228"
"palace","palac","10","1000","0.01","-0.32795607213398936","1.3419620777644272"
"nigeria","nigeria","10","1000","0.01","2.3335112136524523","0.2404038559753444"
"nato","nato","10","1000","0.01","1.083917088448161","0.3626051738148543"
"launch","launch","10","1000","0.01","-0.5713888088223374","-0.6952197390708843"
"kate","kate","10","1000","0.01","1.8031553653613648","0.4778241224139399"
"club's","club","10","1000","0.01","-0.40875534870506774","-0.039169003924665526"
"berrettini","berrettini","10","1000","0.01","",""
"â","â","9","1000","0.009","0.454013745873473","-0.3304878291946179"
"vietnamese","vietnames","9","1000","0.009","0.7184187617786911","0.31041182668382333"
"victory","victori","9","1000","0.009","-1.0954996127900638","-0.10285513518177011"
"sport","sport","9","1000","0.009","-0.45290808958822315","0.01447304921180692"
"protests","protest","9","1000","0.009","-0.7711405228963731","0.5716538271719391"
"parliament","parliament","9","1000","0.009","-0.3595059547564134","0.9662626549010351"
"medvedev","medvedev","9","1000","0.009","",""
"medal","medal","9","1000","0.009","-0.6776796959297544","0.5903939485301809"
"los","los","9","1000","0.009","1.1836427169593509","-0.6831319331908983"
"kong","kong","9","1000","0.009","1.022385822837592","-0.03110465322332077"
"hotel","hotel","9","1000","0.009","-0.6297613757912462","0.2507142306068952"
"hong","hong","9","1000","0.009","0.7798025075951036","-0.15265113448152787"
"france","franc","9","1000","0.009","1.8926637677116571","-0.1539911687673417"
"chelsea","chelsea","9","1000","0.009","2.3514004907399007","0.21043367866548252"
"charity","chariti","9","1000","0.009","-0.6194353173427491","0.31916845054782866"
"brexit","brexit","9","1000","0.009","",""
"archbishop","archbishop","9","1000","0.009","-0.6793808229656817","1.4312778774791635"
"angeles","angel","9","1000","0.009","0.428493420592124","-0.12176406519947519"
"alexander","alexand","9","1000","0.009","1.4695091823237156","0.1520370302230908"
"whitehall","whitehal","8","1000","0.008","",""
"tower","tower","8","1000","0.008","-0.7405195584494493","0.28082949453187017"
"stefanos","stefano","8","1000","0.008","",""
"sixth","sixth","8","1000","0.008","-0.9245312862990629","-0.38385378385094776"
"signing","sign","8","1000","0.008","-0.5808962354867342","-0.3978239144651662"
"poppies","poppi","8","1000","0.008","-0.43606468400678844","1.3276447530431408"
"matteo","matteo","8","1000","0.008","",""
"liverpool","liverpool","8","1000","0.008","2.248501541055085","0.34666758601874553"
"leader","leader","8","1000","0.008","-0.7759588229985702","-0.19154081787454771"
"investors","investor","8","1000","0.008","-0.7962125751522668","-0.18442466573130337"
"glasgow","glasgow","8","1000","0.008","0.7304668114975911","-0.15567689384650577"
"germany","germani","8","1000","0.008","1.8941753542541586","-0.27121952309545055"
"gallery","galleri","8","1000","0.008","-0.39593955668725656","0.5778482958544137"
"europe","europ","8","1000","0.008","2.0058400448410354","-0.3536401465750588"
"dominic","domin","8","1000","0.008","0.43991278135619316","-0.05331730022142805"
"corbyn","corbyn","8","1000","0.008","",""
"children","children","8","1000","0.008","-0.6993128584222164","0.6417724585208542"
"centre","centr","8","1000","0.008","",""
"cambridge","cambridg","8","1000","0.008","0.9021769342288606","0.031888958392330254"
"boris","bori","8","1000","0.008","0.3622786015490232","-0.12704917647035102"
"bloomberg","bloomberg","8","1000","0.008","1.8347594990534162","-0.19027299774107304"
"year's","year","7","1000","0.007","-0.7488505012590405","-0.21791655144972932"
"winner","winner","7","1000","0.007","-0.8020314722756897","-0.35889264115517533"
"westminster","westminst","7","1000","0.007","0.5699687107604606","0.09313771973744864"
"wellchild","wellchild","7","1000","0.007","",""
"tourism","tourism","7","1000","0.007","-0.5662821606589229","0.24393607809869527"
"tottenham","tottenham","7","1000","0.007","1.131112246865784","-0.03697440751341046"
"thiem","thiem","7","1000","0.007","",""
"sharif","sharif","7","1000","0.007","0.3799774972943902","0.4509058607308919"
"scored","score","7","1000","0.007","-0.9662548349577884","-0.4649061099505082"
"photos","photo","7","1000","0.007","-0.42799576762812835","0.3066965608083333"
"nfl","nfl","7","1000","0.007","1.9938998532204406","-0.2240038932802024"
"locations","locat","7","1000","0.007","-0.7169896522983097","-0.3375049777874956"
"knights","knight","7","1000","0.007","0.006970498688556112","0.5927245207820626"
"james","jame","7","1000","0.007","2.065796563539929","-0.0021088428798132623"
"independent","independ","7","1000","0.007","-0.7283303513891484","-0.4667898864594395"
"getty","getti","7","1000","0.007","0.08963807060345301","0.014525531712799336"
"economy","economi","7","1000","0.007","-0.639763069826483","0.11129214566473479"
"daniil","daniil","7","1000","0.007","",""
"consulting","consult","7","1000","0.007","-0.7471071363314096","-0.5332105937249616"
"child","child","7","1000","0.007","-0.587943659642775","0.6926135693421229"
"championships","championship","7","1000","0.007","-0.9318812054381829","0.05188240133297168"
"celebrates","celebr","7","1000","0.007","-0.6363358541694535","-0.7569019631786121"
"canterbury","canterburi","7","1000","0.007","0.2157807110221211","-0.002209303924573606"
"canada","canada","7","1000","0.007","2.073331327944435","-0.27046525745772587"
"australia","australia","7","1000","0.007","2.1701708855851742","-0.18596709142055115"
"allegations","alleg","7","1000","0.007","-0.9508730954403459","0.2561757476005352"
"alex","alex","7","1000","0.007","2.163931597318869","-0.007871343455933093"
"albert","albert","7","1000","0.007","1.1164748587440985","0.00012360418888440348"
"airport","airport","7","1000","0.007","-0.6857674121181502","0.4993526132639031"
"afp","afp","7","1000","0.007","0.7274021263869304","0.0004485476241006673"
"world's","world","6","1000","0.006","-0.37974574855602294","-0.39266955791215674"
"transport","transport","6","1000","0.006","-0.37846200972348865","0.048337836151066536"
"teenagers","teenag","6","1000","0.006","-0.6683769057815109","0.4922553409575732"
"sustain","sustain","6","1000","0.006","-0.7520988078172586","-0.5494371072857586"
"stadium","stadium","6","1000","0.006","-0.7359363628697975","0.5030010797508964"
"serbian","serbian","6","1000","0.006","0.527460517425756","-0.09223746631618054"
"russia","russia","6","1000","0.006","1.8396976949628459","-0.010402347584486316"
"rugby","rugbi","6","1000","0.006","-0.02590288957946288","0.31876678730104824"
"restaurants","restaur","6","1000","0.006","-0.6516548080579774","0.03059009610565827"
"repatriation","repatri","6","1000","0.006","-0.5961851102566147","0.4856453969913101"
"photograph","photograph","6","1000","0.006","-0.6389709668748148","0.7194060097752043"
"organisation","organis","6","1000","0.006","",""
"ont","ont","6","1000","0.006","0.8921386987636879","-0.5847121230023209"
"memorial","memori","6","1000","0.006","-0.8094296669120338","1.4987512085798955"
"masters","master","6","1000","0.006","-0.2649427166188393","-0.02720769555746527"
"mary","mari","6","1000","0.006","1.7024437445838898","0.22897715546729608"
"macron","macron","6","1000","0.006","0.06392611167013518","-0.0042424425682398665"
"lewis","lewi","6","1000","0.006","1.813544229978178","-0.09881388347150688"
"italy","itali","6","1000","0.006","1.834409358440869","0.04778766938253256"
"institute","institut","6","1000","0.006","-0.6657319850883602","0.1499282751798985"
"india","india","6","1000","0.006","2.0041502095694828","-0.24424921141105074"
"george","georg","6","1000","0.006","2.009795878756662","-0.010867416153207209"
"duke","duke","6","1000","0.006","-0.11934281299839776","0.027441039470409774"
"duchess","duchess","6","1000","0.006","-0.30677089344074815","1.2872677784841675"
"clash","clash","6","1000","0.006","-0.8140899153221497","-0.04166576838531881"
"captured","captur","6","1000","0.006","-0.8769569200226099","-0.35526320646707354"
"arrives","arriv","6","1000","0.006","-0.47663196131343905","-0.35896626018733935"
"ap","ap","6","1000","0.006","1.1847037923323296","-0.2880406136637965"
"airline","airlin","6","1000","0.006","-0.6307804213998021","0.262545213584746"
"africa","africa","6","1000","0.006","1.8782866599906816","-0.17216762543332564"
"wrap","wrap","5","1000","0.005","-0.6723774287148433","-0.5325930945782452"
"women's","women","5","1000","0.005","0.28902255430390883","-0.13304640418785038"
"wembley","wembley","5","1000","0.005","0.8253473660962802","0.17468991271100845"
"welby","welbi","5","1000","0.005","",""
"washington","washington","5","1000","0.005","1.998918902838966","0.13793877607851995"
"tweeted","tweet","5","1000","0.005","0.30724227588193165","-0.14101483268995235"
"tory","tori","5","1000","0.005","1.08381443382896","0.18358000579197886"
"thames","thame","5","1000","0.005","",""
"swiss","swiss","5","1000","0.005","1.2600003011789405","-0.4681790716661706"
"sussex","sussex","5","1000","0.005","0.06549098645765582","-0.1849796835538662"
"studios","studio","5","1000","0.005","-0.6335890980082591","-0.04883900123792694"
"studies","studi","5","1000","0.005","-0.5944820821141894","-0.14679644655683627"
"staying","stay","5","1000","0.005","-0.7055051613514741","-0.14019055370557804"
"stabbed","stab","5","1000","0.005","-0.764982229749901","0.5471223330476631"
"spain's","spain","5","1000","0.005","",""
"seats","seat","5","1000","0.005","-0.7800418553375273","-0.008772695704629546"
"season-ending","season-end","5","1000","0.005","-0.637418748941673","-0.19028092460510543"
"scottish","scottish","5","1000","0.005","1.171264768742354","0.033096365012997286"
"reporting","report","5","1000","0.005","-0.5358575418969105","-0.3069532795352112"
"qatar","qatar","5","1000","0.005","0.4291806618049421","-0.17552371804008027"
"portrait","portrait","5","1000","0.005","-0.6666776958426746","0.791347961252791"
"poll","poll","5","1000","0.005","-0.7719841921993312","0.04458632716868172"
"piccadilly","piccadilli","5","1000","0.005","",""
"party's","parti","5","1000","0.005","0.4785434648115969","0.3509874271411589"
"ozil","ozil","5","1000","0.005","",""
"online","onlin","5","1000","0.005","-0.1636803690083141","-0.416120352035873"
"offshore","offshor","5","1000","0.005","-0.41818090197174923","-0.29856106128891385"
"nigel","nigel","5","1000","0.005","0.9378486248459419","-0.09461007475569878"
"muslim","muslim","5","1000","0.005","1.0416934868873535","0.7839403817175321"
"mp","mp","5","1000","0.005","1.5383500163316468","-0.05878148145736833"
"middleton","middleton","5","1000","0.005","0.13698364435735313","0.0390702175181753"
"michael","michael","5","1000","0.005","2.283658358100575","0.1401358763259686"
"linked","link","5","1000","0.005","-0.601204412036945","-0.5787542463819175"
"kolasinac","kolasinac","5","1000","0.005","",""
"klaasen","klaasen","5","1000","0.005","",""
"king's","king","5","1000","0.005","-0.003925784878956248","0.38601294090108157"
"khan","khan","5","1000","0.005","1.1398506002811555","0.18714259284762266"
"kensington","kensington","5","1000","0.005","",""
"john","john","5","1000","0.005","1.4900353509118196","0.105170452355757"
"jailed","jail","5","1000","0.005","-0.6733857176559856","0.5227995056616794"
"islam","islam","5","1000","0.005","1.581982305843155","0.7626627838026859"
"irish","irish","5","1000","0.005","1.3918871185147192","-0.02876665414819675"
"hosted","host","5","1000","0.005","-0.8253598048572584","-0.6216761472054203"
"healthcare","healthcar","5","1000","0.005","-0.3846700437986024","-0.2230286793802948"
"gujarat","gujarat","5","1000","0.005","0.7424191075268647","0.042202064763586365"
"ftse","ftse","5","1000","0.005","",""
"fitness","fit","5","1000","0.005","-0.6163466893454788","-0.39248971374474995"
"filming","film","5","1000","0.005","-0.9375937692043667","0.3873673770132176"
"favourite","favourit","5","1000","0.005","",""
"emery","emeri","5","1000","0.005","0.27131397473420615","-0.19643589367506412"
"edward","edward","5","1000","0.005","1.5694820690446023","0.2437766669784475"
"education","educ","5","1000","0.005","-0.48628719392592573","0.14554470011869247"
"edinburgh","edinburgh","5","1000","0.005","0.9707172960074031","-0.28427357139655535"
"dublin","dublin","5","1000","0.005","1.0087348776391805","-0.0759453346883011"
"destinations","destin","5","1000","0.005","-0.6631561317098646","-0.21104338162655023"
"debut","debut","5","1000","0.005","-0.7334342712195385","-0.7028555900015558"
"deals","deal","5","1000","0.005","-0.5618036946959519","-0.6804811227010694"
"david","david","5","1000","0.005","2.173328231697541","-0.31792494354678064"
"crystal","crystal","5","1000","0.005","-0.10955181606469803","0.08970511429815817"
"clinton","clinton","5","1000","0.005","1.9303626692476854","0.39032651888249714"
"clarke's","clark","5","1000","0.005","",""
"cinema","cinema","5","1000","0.005","-0.40486519564455326","0.44790882973302243"
"china","china","5","1000","0.005","0.5360658390141092","0.39903026070562414"
"ceo","ceo","5","1000","0.005","0.4671261180024339","-0.5874677365039468"
"cardiff","cardiff","5","1000","0.005","0.801676560190767","-0.18999205453723725"
"capital's","capit","5","1000","0.005","-0.20437221494175686","0.2967716418057155"
"brazil","brazil","5","1000","0.005","1.867345703336276","-0.2539339874323429"
"boxing","box","5","1000","0.005","-0.21533678843696194","0.44520931577350065"
"berlin","berlin","5","1000","0.005","1.3150807765236339","-0.22026080720235133"
"beijing","beij","5","1000","0.005","1.1235017581813256","-0.126283972132599"
"bargains","bargain","5","1000","0.005","-0.39540107584247214","-0.44216565074505354"
"arms","arm","5","1000","0.005","-0.6908493612764969","0.3005110539100726"
"african","african","5","1000","0.005","1.6409711930640993","0.06191829988508027"
"21st","21st","5","1000","0.005","",""
"2-0","2-0","5","1000","0.005","",""
"xhaka","xhaka","4","1000","0.004","",""
"wider","wider","4","1000","0.004","-0.5700249215025597","-0.3087102489895665"
"western","western","4","1000","0.004","-0.42503188124489416","0.08542479167099094"
"week's","week","4","1000","0.004","-0.8482867625007305","-0.25440879436985214"
"venue","venu","4","1000","0.004","-0.7391364931184177","0.16327866019007156"
"vaz","vaz","4","1000","0.004","",""
"twitter","twitter","4","1000","0.004","0.5679861569377902","-0.11144079234983567"
"tv","tv","4","1000","0.004","0.9833909035240156","-0.1088317966973841"
"turkey","turkey","4","1000","0.004","-0.1954977820004704","0.18138155703101402"
"trophy","trophi","4","1000","0.004","-0.8158229186336315","0.17338791400934683"
"tonnes","tonn","4","1000","0.004","-0.47373448474408114","0.07657836902977935"
"tokyo","tokyo","4","1000","0.004","1.3369465650987795","-0.11119700408198496"
"tim","tim","4","1000","0.004","1.6960558353489736","-0.10666491803304971"
"tickets","ticket","4","1000","0.004","-0.5751926657577856","0.004585522099680013"
"telegraph","telegraph","4","1000","0.004","-0.23065332436691138","0.19675847867823404"
"tech","tech","4","1000","0.004","-0.2684181266857386","-0.5855073942602683"
"talks","talk","4","1000","0.004","-0.827987878109377","-0.24688986502697505"
"springboks","springbok","4","1000","0.004","0.1808291348830589","0.027677711049334"
"spice","spice","4","1000","0.004","-0.4920841652581444","-0.3428502116820545"
"southbank","southbank","4","1000","0.004","",""
"singapore","singapor","4","1000","0.004","2.138095148096953","-0.27975693042731986"
"sentenced","sentenc","4","1000","0.004","-0.6712161548411557","0.29922656892975635"
"sead","sead","4","1000","0.004","",""
"scotland","scotland","4","1000","0.004","1.5710471802659591","0.07363975011313237"
"san","san","4","1000","0.004","1.0019393583623168","-0.17878816706188183"
"russian","russian","4","1000","0.004","1.8636028608203716","-0.18221156701593147"
"robert","robert","4","1000","0.004","2.2220241169049655","0.06632305928597979"
"rob","rob","4","1000","0.004","-0.4948052457383145","-0.12973841953109833"
"rival","rival","4","1000","0.004","-0.7606447558002692","-0.5367173028388958"
"rink","rink","4","1000","0.004","-0.6843974161188807","0.47530055426940443"
"reward","reward","4","1000","0.004","-0.7475194084848403","-0.2899691934734127"
"recreating","recreat","4","1000","0.004","-0.85160095221239","-0.0682289325203629"
"record-equalling","record-equal","4","1000","0.004","",""
"quest","quest","4","1000","0.004","-0.5973318405898286","-0.2810035784433839"
"qualify","qualifi","4","1000","0.004","-0.7574647086776958","-0.657116171581573"
"prnewswire","prnewswir","4","1000","0.004","-0.1260589070963549","-0.36286277568912007"
"princess","princess","4","1000","0.004","-0.2273876786595366","1.1371920312310835"
"president's","presid","4","1000","0.004","-0.5977593961533196","0.4414543574585853"
"posed","pose","4","1000","0.004","-0.741084949577479","-0.20990439699610444"
"paul","paul","4","1000","0.004","2.1203522558907104","0.23772451689810317"
"osinbajo","osinbajo","4","1000","0.004","",""
"opener","open","4","1000","0.004","-0.9479209407709408","-0.2237019084050492"
"ohl","ohl","4","1000","0.004","0.07940826782337085","-0.21714161291014042"
"nigerian","nigerian","4","1000","0.004","1.5656230620509137","0.23106769922011122"
"midfielder","midfield","4","1000","0.004","-0.62991816109773","0.5350094865906913"
"mesut","mesut","4","1000","0.004","",""
"messages","messag","4","1000","0.004","-0.6538605420247467","0.05932512049231568"
"mcqueen","mcqueen","4","1000","0.004","",""
"matthew","matthew","4","1000","0.004","1.5837802786308002","0.2775016344311693"
"matches","match","4","1000","0.004","-0.5513863167530828","-0.34084593348865355"
"louis","loui","4","1000","0.004","1.5184393435379964","-0.04074070837948025"
"legion","legion","4","1000","0.004","-0.4152638591711261","0.15913205431312807"
"leeds","leed","4","1000","0.004","1.3484539744131359","-0.017636618861044825"
"laura","laura","4","1000","0.004","1.394674625610636","0.2601935367681674"
"knifepoint","knifepoint","4","1000","0.004","-0.6904406664601784","0.6003724512433183"
"jeremy","jeremi","4","1000","0.004","1.4426234096913186","0.09150266930674181"
"jefferies","jefferi","4","1000","0.004","",""
"infrastructure","infrastructur","4","1000","0.004","-0.6406906782142139","-0.2310476444238333"
"indices","indic","4","1000","0.004","-0.22155006340290567","-0.15359211833465358"
"ian","ian","4","1000","0.004","0.38356591250012084","-0.23278938063049612"
"hussain","hussain","4","1000","0.004","0.43277957666555755","0.12176767117377768"
"hsbc","hsbc","4","1000","0.004","0.956672921776253","-0.5875664877475594"
"hooks","hook","4","1000","0.004","-0.2777399093570148","-0.4781330833043361"
"heathrow","heathrow","4","1000","0.004","0.24238984584910245","-0.10257759989983599"
"harrods","harrod","4","1000","0.004","",""
"guardian","guardian","4","1000","0.004","-0.3605088895502788","0.6633488258691644"
"greece's","greec","4","1000","0.004","",""
"golding","gold","4","1000","0.004","",""
"gazette","gazett","4","1000","0.004","0.34967276026555677","0.2978425812121753"
"french","french","4","1000","0.004","1.4462382643044862","-0.29026798753368227"
"francisco","francisco","4","1000","0.004","0.23947331115874398","-0.12526835110031703"
"founder","founder","4","1000","0.004","-0.8473139262311027","-0.4673585336402217"
"foundation","foundat","4","1000","0.004","-0.7483798328731474","-0.02301283247585139"
"excellence","excel","4","1000","0.004","-0.7233184793058843","-0.579477356462849"
"english","english","4","1000","0.004","1.454387887444812","-0.16950515899778956"
"emma","emma","4","1000","0.004","1.492501224795329","0.08459873945237163"
"doubles","doubl","4","1000","0.004","-0.732176392675247","-0.6083600886500481"
"donald","donald","4","1000","0.004","1.210948829708044","0.008517629589157397"
"democrats","democrat","4","1000","0.004","0.3455341353237529","0.652435910399182"
"defending","defend","4","1000","0.004","-0.747502534131042","-0.054332080152015315"
"declines","declin","4","1000","0.004","-0.6832916907182276","-0.5668065864482553"
"crowds","crowd","4","1000","0.004","-0.8178803096070104","0.41698657360638003"
"crossrail","crossrail","4","1000","0.004","",""
"cricket","cricket","4","1000","0.004","0.019684716519745977","0.48385665019428176"
"costume","costum","4","1000","0.004","-0.36064946886138033","0.7771402859387095"
"constituency","constitu","4","1000","0.004","-0.4598836093071773","0.6476445345358558"
"collaborator","collabor","4","1000","0.004","-0.7458719282495045","-0.1479719678282661"
"citing","cite","4","1000","0.004","-0.6865797789675515","-0.5316065250272729"
"chef","chef","4","1000","0.004","-0.43135610493423227","0.33280585923413"
"charles","charl","4","1000","0.004","2.068838212232723","0.05530785203142228"
"carjacking","carjack","4","1000","0.004","-0.8979646117218271","0.39479419479234584"
"cab","cab","4","1000","0.004","-0.3649857167763109","0.30829676109911397"
"boost","boost","4","1000","0.004","-0.8181332586955683","-0.8532586540515149"
"birmingham","birmingham","4","1000","0.004","1.4415326368202193","-0.15356942802387652"
"beats","beat","4","1000","0.004","-0.37543164352695735","-0.8940204951449064"
"bbq","bbq","4","1000","0.004","0.7224666272915775","-0.005388444833711837"
"balcony","balconi","4","1000","0.004","-0.48689074679648525","0.8845368532416326"
"attends","attend","4","1000","0.004","-0.9495939916347271","-0.16829109253290453"
"asian","asian","4","1000","0.004","1.4690477607931778","-0.4106749054078789"
"asia","asia","4","1000","0.004","1.777992405438792","-0.44032695860109444"
"arbitration","arbitr","4","1000","0.004","-0.7828712432706973","-0.32533703384747426"
"american","american","4","1000","0.004","1.630512950143271","-0.28415047048602393"
"airways","airway","4","1000","0.004","-0.4573248671808068","0.05013561575088408"
"agreement","agreement","4","1000","0.004","-0.8634517193668547","-0.433798409569255"
"academy","academi","4","1000","0.004","-0.7811803229287227","0.3829944910185861"
"abuse","abus","4","1000","0.004","-0.47115994573502834","0.4067807714316555"
"7-5","7-5","4","1000","0.004","",""
"6-2","6-2","4","1000","0.004","",""
"12:19","12:19","4","1000","0.004","",""
"zealand","zealand","3","1000","0.003","1.541900177530582","-0.41009403720034254"
"zakir","zakir","3","1000","0.003","",""
"yorkshire","yorkshir","3","1000","0.003","0.5525571196319288","-0.01108175890882985"
"worldwide","worldwid","3","1000","0.003","-0.4723510442560633","-0.6821188294227138"
"withdrew","withdrew","3","1000","0.003","-1.021484462693773","-0.631442952909957"
"welcomed","welcom","3","1000","0.003","-0.929542060199274","-0.3213463553590802"
"website","websit","3","1000","0.003","-0.2461513897976144","-0.2724272173250627"
"wales","wale","3","1000","0.003","1.1589790870600718","0.05278086516040658"
"visits","visit","3","1000","0.003","-0.7911701102464498","-0.06421466060211399"
"violence","violenc","3","1000","0.003","-0.706128958826783","0.7154321399227564"
"users","user","3","1000","0.003","-0.2950400952016787","-0.3165302978085698"
"uncertainty","uncertainti","3","1000","0.003","-0.8027239845386107","-0.08399454179194886"
"trio","trio","3","1000","0.003","-0.6424959184684738","-0.15884940779974915"
"travelling","travel","3","1000","0.003","",""
"trail","trail","3","1000","0.003","-0.7521072999930868","0.11003249691034815"
"toy","toy","3","1000","0.003","-0.5600504165791451","0.2550528662537608"
"toronto","toronto","3","1000","0.003","1.7393465125349818","-0.11812962477288946"
"tony","toni","3","1000","0.003","0.23618463129997067","0.09598113812393479"
"tobago","tobago","3","1000","0.003","",""
"tilt","tilt","3","1000","0.003","-0.6295145558906624","-0.5409275476520233"
"ties","tie","3","1000","0.003","-0.7841203162493393","-0.3083033282610111"
"thomson","thomson","3","1000","0.003","0.9141900571611905","-0.1765765113124538"
"tfl","tfl","3","1000","0.003","-0.060871947950391934","-0.3049907591327984"
"syria","syria","3","1000","0.003","1.0882346576321262","0.28654730998996203"
"sydney","sydney","3","1000","0.003","1.9650419571114364","-0.13122402431654517"
"supporter","support","3","1000","0.003","-0.6576850742845743","-0.039024984632830086"
"suburb","suburb","3","1000","0.003","-0.8228263246950358","0.29088995525986794"
"stunning","stun","3","1000","0.003","-0.5922233511635898","-0.22845189032618052"
"stripped","strip","3","1000","0.003","-0.7291755314303204","-0.27612105168588574"
"stoxx","stoxx","3","1000","0.003","",""
"staged","stage","3","1000","0.003","-0.8442509392913092","-0.14674005263006787"
"spokesperson","spokesperson","3","1000","0.003","-0.877722665396329","-0.1600815758617342"
"spanish","spanish","3","1000","0.003","1.4985609466517833","-0.22678839975390266"
"spaniard","spaniard","3","1000","0.003","0.10104042852642665","-0.16230030779437052"
"songwriter","songwrit","3","1000","0.003","-0.6865894329166686","0.39622828358564877"
"sons","son","3","1000","0.003","-0.6056822364973189","0.624274265702249"
"soldiers","soldier","3","1000","0.003","-0.7121707921305929","0.9472967402782887"
"snp","snp","3","1000","0.003","",""
"smith","smith","3","1000","0.003","1.4182787650586666","-0.06576756478840155"
"smashing","smash","3","1000","0.003","-0.37704085733268905","-0.28627810381922897"
"slots","slot","3","1000","0.003","-0.47944136215021366","-0.45259495923125753"
"skyline","skylin","3","1000","0.003","-0.5909972309252405","0.70199143506495"
"singh","singh","3","1000","0.003","1.5611768277761635","0.06732898322390246"
"simon","simon","3","1000","0.003","1.926375544345831","0.04071789895765762"
"sharon","sharon","3","1000","0.003","1.5816984278727293","0.5101513961916752"
"shakes","shake","3","1000","0.003","-0.5558919102939561","-0.4924437386024957"
"shadow","shadow","3","1000","0.003","-0.5653988074612163","0.10033895012838233"
"seeding","seed","3","1000","0.003","-0.5260982830237412","-0.6248355614197908"
"scholar","scholar","3","1000","0.003","-0.5783321396409445","0.6304344847874587"
"scandal","scandal","3","1000","0.003","-0.5994656006828931","0.20883608652742075"
"sassysure","sassysur","3","1000","0.003","",""
"sadiq","sadiq","3","1000","0.003","",""
"ruthlessly","ruthless","3","1000","0.003","-0.34344288675703244","0.01750407434032633"
"russell","russel","3","1000","0.003","1.6781827374422948","0.007082944230008784"
"rumours","rumour","3","1000","0.003","",""
"rounded","round","3","1000","0.003","-0.6154165778384039","-0.44975051494966584"
"rooftops","rooftop","3","1000","0.003","-0.6141522514890169","0.2851160448607753"
"rm1","rm1","3","1000","0.003","",""
"rivalries","rivalri","3","1000","0.003","-0.6184640393723032","0.08636686643703895"
"rio","rio","3","1000","0.003","1.489356232527354","-0.3249040889611274"
"richard","richard","3","1000","0.003","2.1744473100039783","0.22151479308220737"
"refuse","refus","3","1000","0.003","-0.4060874048924355","-0.012941374913737074"
"referendum","referendum","3","1000","0.003","-0.6465401024877601","0.7240589398932529"
"recovered","recov","3","1000","0.003","-0.7310751409518317","-0.42046287045766245"
"recession","recess","3","1000","0.003","-0.6093307311331972","-0.07213352008367463"
"raven","raven","3","1000","0.003","0.09742822735565651","0.6796898507984376"
"rally","ralli","3","1000","0.003","-0.8073327268483268","0.20998838827763072"
"racism","racism","3","1000","0.003","-0.39458441083336665","0.6132516720742676"
"pulisic","pulis","3","1000","0.003","",""
"prominence","promin","3","1000","0.003","-0.8520688499036143","-0.20927631967635837"
"producer","produc","3","1000","0.003","-0.7341215125347537","-0.369176425889083"
"procession","process","3","1000","0.003","-0.7104546621149358","1.0658152089986477"
"pretenders","pretend","3","1000","0.003","-0.1936693767665796","-0.22288782059370257"
"prematurely","prematur","3","1000","0.003","-0.4665948891468624","-0.06351104300101737"
"portraying","portray","3","1000","0.003","-0.7753147989896212","0.16467723604107223"
"portland","portland","3","1000","0.003","1.3467854753189374","-0.1006647410915714"
"portfolio","portfolio","3","1000","0.003","-0.6484676995124691","-0.5444014659051228"
"poppins","poppin","3","1000","0.003","",""
"pop-ups","pop-up","3","1000","0.003","0.18655225523478464","-0.08028671399819377"
"plc","plc","3","1000","0.003","-0.3478787196699222","-0.6608159302086775"
"plaza","plaza","3","1000","0.003","-0.8199398828139992","0.6898971553901602"
"performing","perform","3","1000","0.003","-0.6616081165155178","-0.47739399178465797"
"pasta","pasta","3","1000","0.003","-0.18525692312330627","0.1134928830706821"
"oxford","oxford","3","1000","0.003","0.9964874481080263","-0.028766530702143488"
"owen","owen","3","1000","0.003","1.2907277857484813","0.04262858845773724"
"outfit","outfit","3","1000","0.003","-0.47356301242889143","-0.06078178276345792"
"oncology","oncolog","3","1000","0.003","-0.5656714120553241","-0.06633235575917232"
"observer","observ","3","1000","0.003","-0.6434405743076053","0.126742378364958"
"nudged","nudg","3","1000","0.003","-0.6574645735608363","-0.6474945112177057"
"nuclear","nuclear","3","1000","0.003","-0.4401352442736631","0.3539249926699694"
"newcastle","newcastl","3","1000","0.003","1.8486847931259756","-0.0020093632489933642"
"nawaz","nawaz","3","1000","0.003","",""
"nasdaq","nasdaq","3","1000","0.003","0.2054186814762857","-0.8912270511691759"
"moscow","moscow","3","1000","0.003","0.7942348690378939","-0.08406889556444364"
"milner","milner","3","1000","0.003","0.5259618240571731","-0.06638543561119806"
"milan","milan","3","1000","0.003","1.9562299194004744","0.12167911649496232"
"mexico","mexico","3","1000","0.003","2.1808843538380938","-0.16038912703784783"
"men's","men","3","1000","0.003","0.24842894370620072","-0.16172396365029637"
"meghan","meghan","3","1000","0.003","",""
"mcmichael","mcmichael","3","1000","0.003","",""
"mayfair","mayfair","3","1000","0.003","",""
"matt","matt","3","1000","0.003","1.3352216527699663","-0.024133672298065838"
"marching","march","3","1000","0.003","-0.6237679804364029","0.3892928073761248"
"mari","mar","3","1000","0.003","0.8745966745640759","0.011690283504908123"
"loved","love","3","1000","0.003","-0.4661736957734927","0.3122538735688783"
"louise","louis","3","1000","0.003","0.8400735046364476","0.11524705738256712"
"longest-serving","longest-serv","3","1000","0.003","",""
"lined","line","3","1000","0.003","-0.7930918841170278","-0.3547010819340528"
"lambeth","lambeth","3","1000","0.003","",""
"labour's","labour","3","1000","0.003","",""
"ksi","ksi","3","1000","0.003","-0.01117043692447502","-0.45496510323652006"
"kick","kick","3","1000","0.003","-0.562035280163231","-0.3474060285450764"
"keith","keith","3","1000","0.003","1.8289618168671569","0.011162589577309102"
"keen","keen","3","1000","0.003","-0.5993312048549713","-0.39161543250211384"
"kashmir","kashmir","3","1000","0.003","1.2752868989339212","0.4371560872481099"
"journalists","journalist","3","1000","0.003","-0.5174687572291984","0.4241983007685731"
"johannesburg","johannesburg","3","1000","0.003","",""
"jo","jo","3","1000","0.003","1.2356318745391561","-0.11398080888138071"
"japan","japan","3","1000","0.003","1.9394638167643472","-0.08456191399858287"
"jamb","jamb","3","1000","0.003","0.15969382624982278","0.17881968987739796"
"investigated","investig","3","1000","0.003","-0.7754715646456023","-0.11765461394731698"
"intercontinental","intercontinent","3","1000","0.003","-0.0830064973207907","-0.4952307572213169"
"indian-origin","indian-origin","3","1000","0.003","",""
"indian","indian","3","1000","0.003","1.6715578034162932","-0.02987821967123152"
"improving","improv","3","1000","0.003","-0.7412137839106883","-0.6258475785403603"
"imperious","imperi","3","1000","0.003","-0.5368668437005207","0.3458977058546385"
"houston","houston","3","1000","0.003","1.7184768871460792","-0.4528758682701205"
"honour","honour","3","1000","0.003","",""
"hobolt","hobolt","3","1000","0.003","",""
"hitting","hit","3","1000","0.003","-0.6266470213528744","-0.5482580318195813"
"hillary","hillari","3","1000","0.003","1.57097247597598","0.3577093640235802"
"henry","henri","3","1000","0.003","1.993752739732648","-0.21684838806671639"
"hanoi","hanoi","3","1000","0.003","",""
"hamilton","hamilton","3","1000","0.003","1.3954775855859438","0.06930439862907906"
"grotto","grotto","3","1000","0.003","-0.28718020158896346","1.1781775049138767"
"grandson","grandson","3","1000","0.003","-0.5951590075930336","0.7896577329984522"
"gplus","gplus","3","1000","0.003","",""
"gown","gown","3","1000","0.003","-0.3636461190442172","1.0409430536394506"
"gmt","gmt","3","1000","0.003","0.564402751168639","0.2085407238924708"
"gibraltar","gibraltar","3","1000","0.003","",""
"german","german","3","1000","0.003","1.7839191781126527","-0.43120979786661706"
"gdp","gdp","3","1000","0.003","0.9488448834288932","-0.049076839723948315"
"gatwick","gatwick","3","1000","0.003","",""
"gates","gate","3","1000","0.003","-0.5500535940605955","0.4556332696281039"
"fuel","fuel","3","1000","0.003","-0.6630200367651927","-0.20253057693864854"
"freeman","freeman","3","1000","0.003","0.49038715277759404","0.7902876048758815"
"freedom","freedom","3","1000","0.003","-0.37070678073299046","0.3616077841544506"
"frankfurt","frankfurt","3","1000","0.003","0.6109737023649076","-0.31702955788047704"
"foudy","foudi","3","1000","0.003","",""
"footprint","footprint","3","1000","0.003","-0.7266383938486858","-0.5025554484583382"
"footage","footag","3","1000","0.003","-0.6097927478451965","0.2772006952022903"
"fleetwood","fleetwood","3","1000","0.003","",""
"finchley","finchley","3","1000","0.003","",""
"fighters","fighter","3","1000","0.003","-0.38591248877980394","0.4687507772331772"
"farage","farag","3","1000","0.003","",""
"facebook","facebook","3","1000","0.003","0.7001130624189493","0.18651688858335458"
"exit","exit","3","1000","0.003","-0.7010924347045446","-0.34736711568773004"
"euro","euro","3","1000","0.003","-0.10165303543701966","0.05706246700044787"
"escalation","escal","3","1000","0.003","-0.5953512211342492","0.11648059927089179"
"equity","equiti","3","1000","0.003","-0.6845888715283704","-0.3686244094095797"
"equalling","equal","3","1000","0.003","",""
"enjoying","enjoy","3","1000","0.003","-0.6471293042057491","-0.46653631219704417"
"embassy","embassi","3","1000","0.003","-0.7413268837628584","1.1924709102765672"
"elizabeth","elizabeth","3","1000","0.003","1.482208289939008","0.6230804608229129"
"eight-man","eight-man","3","1000","0.003","-0.40660129435134196","-0.15951433625277592"
"editing","edit","3","1000","0.003","-0.18807916699154784","-0.04770015880858647"
"duo","duo","3","1000","0.003","-0.6265958823888536","-0.10669734416810268"
"dossier","dossier","3","1000","0.003","-0.5694920712813918","0.3202799372885594"
"doha","doha","3","1000","0.003","-0.08922891434200231","-0.14200980738510086"
"dj","dj","3","1000","0.003","1.2624950017381524","-0.160708964257608"
"district","district","3","1000","0.003","-0.6407790566165265","0.37004125471069677"
"di","di","3","1000","0.003","0.8732379499587081","-0.4460807912222122"
"departure","departur","3","1000","0.003","-0.815395662961382","-0.3327622903497808"
"delighted","delight","3","1000","0.003","-0.7620932576629493","-0.5570511797072156"
"de","de","3","1000","0.003","0.36137226706587366","-0.4770033984194171"
"davis","davi","3","1000","0.003","1.879761857729268","-0.13616027265524835"
"dani","dani","3","1000","0.003","1.043499560288404","-0.08174749658239501"
"crisis","crisi","3","1000","0.003","-0.6014218181804909","0.2199382669855586"
"corporation","corpor","3","1000","0.003","-0.5514552937926904","-0.12736244317792492"
"contingent","conting","3","1000","0.003","-0.9014625116438792","-0.02420758187452046"
"connor","connor","3","1000","0.003","0.7258105155151253","-0.08115263294568872"
"commonwealth","commonwealth","3","1000","0.003","-0.2921684087667941","0.33452729668611425"
"collapsing","collaps","3","1000","0.003","-0.6271912341825123","-0.21155830859270838"
"clinic","clinic","3","1000","0.003","-0.7880754428801109","0.37387741227598226"
"climate","climat","3","1000","0.003","-0.4487714774180876","-0.03988155747217211"
"city's","citi","3","1000","0.003","0.15462239596702726","0.10682099088144767"
"chic","chic","3","1000","0.003","-0.13597628963885822","0.04166174290489014"
"chase","chase","3","1000","0.003","-0.619054381062679","-0.12752912850015502"
"carrier","carrier","3","1000","0.003","-0.47830231087104835","-0.07340258705069645"
"captaincy","captainci","3","1000","0.003","-0.2706939398182524","0.5500938011583254"
"cape","cape","3","1000","0.003","0.007160924451837966","0.6075200602130925"
"canadaorbust","canadaorbust","3","1000","0.003","",""
"brussels","brussel","3","1000","0.003","0.628156801595139","0.035548597641398255"
"broadcast","broadcast","3","1000","0.003","-0.7542075539175859","-0.12001441884089718"
"breed","breed","3","1000","0.003","-0.2737898850628855","-0.35858265200564365"
"boasts","boast","3","1000","0.003","-0.49982652982026066","-1.104588144144854"
"bidding","bid","3","1000","0.003","-0.6333961008918048","-0.40357274196649"
"bermudians","bermudian","3","1000","0.003","",""
"bermuda","bermuda","3","1000","0.003","0.31503968061051324","-0.033118744328077966"
"berger","berger","3","1000","0.003","0.20836653240996936","-0.1315156980386383"
"bercow","bercow","3","1000","0.003","",""
"battalion","battalion","3","1000","0.003","-0.7239876255356095","0.6366613660402577"
"barcelona","barcelona","3","1000","0.003","1.6288014233227497","0.020363370266914215"
"assent","assent","3","1000","0.003","-0.6264307648325789","0.3709915115702772"
"assange","assang","3","1000","0.003","0.37108841845202944","0.13464522632977682"
"arcuri","arcuri","3","1000","0.003","",""
"app","app","3","1000","0.003","-0.14615429860341553","-0.33911848890923746"
"ani","ani","3","1000","0.003","0.7765793809974171","-0.04380516088879272"
"andrew","andrew","3","1000","0.003","2.2030990906644026","0.0466706667146113"
"anderson","anderson","3","1000","0.003","1.9701438883117093","-0.01639003157727324"
"an-hour","an-hour","3","1000","0.003","-0.3978209948826303","-0.18162795354702152"
"amsterdam","amsterdam","3","1000","0.003","0.9737460409443071","0.002862912437836509"
"allen","allen","3","1000","0.003","1.6372156977187315","-0.33600799075691895"
"aligarh","aligarh","3","1000","0.003","",""
"aiding","aid","3","1000","0.003","-0.690298887116335","-0.3506242066020459"
"advisers","advis","3","1000","0.003","-0.876434011409965","-0.10176775626777748"
"activists","activist","3","1000","0.003","-0.6710709239342301","0.44515263877813477"
"achieving","achiev","3","1000","0.003","-0.6444991785378292","-0.6264095352345258"
"accord","accord","3","1000","0.003","-0.595791393793715","0.0811180238409424"
"accession","access","3","1000","0.003","-0.2505140004680488","0.38656928551267133"
"abbey","abbey","3","1000","0.003","-0.1313673945601015","1.445142627679458"
"6-1","6-1","3","1000","0.003","",""
"100m","100m","3","1000","0.003","",""
"00p","00p","3","1000","0.003","",""
"0.2","0.2","3","1000","0.003","",""
"zero-carbon","zero-carbon","2","1000","0.002","",""
"youth","youth","2","1000","0.002","-0.5874833579902877","0.30423989479255636"
"yates","yate","2","1000","0.002","0.3087723378897482","-0.0017660023881298894"
"wrzask","wrzask","2","1000","0.002","",""
"wows","wow","2","1000","0.002","-0.4662488835492126","-0.7350633423562459"
"woodland","woodland","2","1000","0.002","-0.32121996233572686","0.6124116303866817"
"wonderland","wonderland","2","1000","0.002","-0.46603262863329464","0.21337148038124001"
"withdrawal","withdraw","2","1000","0.002","-0.6812103779865967","-0.1645624303273669"
"winser","winser","2","1000","0.002","",""
"wilson","wilson","2","1000","0.002","1.8296517502500576","-0.05190665954701712"
"wigan","wigan","2","1000","0.002","1.2558476943283443","0.0008304733776825379"
"weekend's","weekend","2","1000","0.002","-0.5809296096686208","-0.05111564069584324"
"wax","wax","2","1000","0.002","-0.20062683991161673","0.3191784165898628"
"watches","watch","2","1000","0.002","-0.4134004534934804","-0.28547100887582816"
"warriors","warrior","2","1000","0.002","-0.27807812325477865","0.2779307671244819"
"warnock","warnock","2","1000","0.002","0.39220159611140737","-0.07106423596658631"
"wars","war","2","1000","0.002","-0.14238239482133144","0.34415594808806205"
"waking","wake","2","1000","0.002","-0.4841592449316384","0.0102404229014427"
"vizeum","vizeum","2","1000","0.002","",""
"visually","visual","2","1000","0.002","-0.40333388947538645","-0.09398273580306513"
"vip","vip","2","1000","0.002","0.7306072808473988","-0.2485185245810415"
"violent","violent","2","1000","0.002","-0.6474981338551293","0.452979290669819"
"vinai","vinai","2","1000","0.002","",""
"victoria","victoria","2","1000","0.002","1.3232763991428305","0.1435019215010117"
"vibrant","vibrant","2","1000","0.002","-0.6487968966741637","-0.16181079812651744"
"venkatesham","venkatesham","2","1000","0.002","",""
"vcs","vcs","2","1000","0.002","",""
"var","var","2","1000","0.002","1.5334979414616194","-0.17869552735667624"
"uxbridge","uxbridg","2","1000","0.002","",""
"us1","us1","2","1000","0.002","",""
"uphill","uphil","2","1000","0.002","-0.6579272674488688","-0.09181084983231359"
"upcoming","upcom","2","1000","0.002","-0.7194231156187562","-0.5299258512652391"
"unpopular","unpopular","2","1000","0.002","-0.6503102323751466","0.24804737720318962"
"undisclosed","undisclos","2","1000","0.002","-0.8073904293340042","-0.5248490077348682"
"underpin","underpin","2","1000","0.002","-0.5774292717972672","-0.7581893216586659"
"unaware","unawar","2","1000","0.002","-0.957194528530772","-0.10415215744504124"
"unai","unai","2","1000","0.002","",""
"turkish","turkish","2","1000","0.002","0.9147621795653726","-0.11720553395411551"
"ttal's","ttal","2","1000","0.002","",""
"tributes","tribut","2","1000","0.002","-0.656397050964544","0.9165473491961137"
"tribune","tribun","2","1000","0.002","0.355625241099157","0.5824606356750754"
"treasure","treasur","2","1000","0.002","-0.5266252003277849","0.5489118987219059"
"transform","transform","2","1000","0.002","-0.7274131032270759","-0.6232598864178996"
"traditionally","tradit","2","1000","0.002","-0.7393617087055997","-0.24365128597021266"
"trader","trader","2","1000","0.002","-0.43210323733028094","0.15959438716722021"
"traded","trade","2","1000","0.002","-0.7313302467886534","-0.7507428433276894"
"tracks","track","2","1000","0.002","-0.4852154197808383","-0.3630364932124914"
"tougher","tougher","2","1000","0.002","-0.8606768558166951","-0.35069276609285466"
"touchdowns","touchdown","2","1000","0.002","-0.9836579485389203","0.045387449760239895"
"tom","tom","2","1000","0.002","1.1370239700186309","0.07343498182934173"
"titles","titl","2","1000","0.002","-0.6715636076305125","-0.5027325436650234"
"tier","tier","2","1000","0.002","-0.4907843823650655","-0.7534475635484963"
"thriller","thriller","2","1000","0.002","-0.8741404375889297","-0.0649381091354639"
"thompson","thompson","2","1000","0.002","1.6869454968458006","-0.04871423637426576"
"thomas","thoma","2","1000","0.002","2.0743538614737154","0.0007946049982685058"
"terrorism","terror","2","1000","0.002","-0.4730017531165448","0.6201526159826944"
"team's","team","2","1000","0.002","-0.6627703326450186","-0.3177614625268401"
"tea","tea","2","1000","0.002","-0.24336898005646557","0.5327395578008082"
"tankers","tanker","2","1000","0.002","-0.7366677410020386","0.408708918578202"
"tammy","tammi","2","1000","0.002","0.6975135861240506","0.17361533316441502"
"talented","talent","2","1000","0.002","-0.6877255119545465","-0.48575653525210805"
"syndication","syndic","2","1000","0.002","-0.3149669576446255","-0.6139378598583334"
"switched","switch","2","1000","0.002","-0.5774733785826022","-0.8144630663538247"
"swinson's","swinson","2","1000","0.002","",""
"sweden","sweden","2","1000","0.002","1.7307195864754137","-0.11217981011837579"
"swatted","swat","2","1000","0.002","-0.85297751554148","-0.07930098629087572"
"swastikas","swastika","2","1000","0.002","-0.2443971777832286","1.0090728986151198"
"swapped","swap","2","1000","0.002","-0.5997345948788717","-0.6774427535301463"
"swallow","swallow","2","1000","0.002","-0.501148000446349","-0.38635822058226454"
"suspension","suspens","2","1000","0.002","-0.8013067849980355","-0.2166098239821947"
"suspects","suspect","2","1000","0.002","-0.8719881302304867","0.38873850393722836"
"surrounding","surround","2","1000","0.002","-0.7951459475152096","-0.13110285477532932"
"surgery","surgeri","2","1000","0.002","-0.7377460542294345","0.2298832565270607"
"superior","superior","2","1000","0.002","-0.4670054562104448","-0.7049908703598031"
"superb","superb","2","1000","0.002","-0.48700843840002594","-0.47251304146239825"
"super","super","2","1000","0.002","-0.12856364470755302","-0.5916798272824706"
"successor","successor","2","1000","0.002","-0.8142321436321042","-0.17348522842816613"
"stunt","stunt","2","1000","0.002","-0.5636990054753424","0.17792408989661906"
"struggled","struggl","2","1000","0.002","-1.0170567320544093","-0.496218124923858"
"streetgames","streetgam","2","1000","0.002","",""
"stormzy's","stormzi","2","1000","0.002","",""
"stocks","stock","2","1000","0.002","-0.46509997146630727","-0.38010022024819207"
"steve","steve","2","1000","0.002","2.195700488715598","-0.1504218169897582"
"stephen","stephen","2","1000","0.002","1.9498545585887064","0.04657049025371438"
"stealing","steal","2","1000","0.002","-0.508452105142211","-0.2251732247056058"
"steadfastly","steadfast","2","1000","0.002","-0.7913819016192707","-0.04905385842521983"
"stave","stave","2","1000","0.002","-0.11154170784490919","-0.11640913961129161"
"statutes","statut","2","1000","0.002","-0.3468693365482711","0.23627535387257087"
"statue","statu","2","1000","0.002","-0.7360939209365267","1.5679800685520653"
"start-up","start-up","2","1000","0.002","-0.6037819857390155","-0.6325896873115358"
"stansted","stanst","2","1000","0.002","",""
"stamford","stamford","2","1000","0.002","-0.025476569026225297","-0.16846809094069945"
"squall","squall","2","1000","0.002","-0.316521788127251","0.200809603509115"
"splashnews.com","splashnews.com","2","1000","0.002","",""
"specialist","specialist","2","1000","0.002","-0.5620498674553566","-0.6118403403314255"
"specialises","specialis","2","1000","0.002","",""
"speaks","speak","2","1000","0.002","-0.4907542268573744","-0.38847294759152146"
"spaces","space","2","1000","0.002","-0.6326335683345561","0.05582327083842784"
"south-east","south-east","2","1000","0.002","-0.5616532112783821","0.03801901748783565"
"sondr","sondr","2","1000","0.002","",""
"solemn","solemn","2","1000","0.002","-0.8031620500019963","0.9725160755352941"
"smiling","smile","2","1000","0.002","-0.648281990879942","0.4276404210352345"
"slimfit","slimfit","2","1000","0.002","",""
"skies","sky","2","1000","0.002","-0.5750383113055401","0.3012583422015459"
"sixth-placed","sixth-plac","2","1000","0.002","",""
"six-time","six-tim","2","1000","0.002","",""
"six-month","six-month","2","1000","0.002","-0.5113532156010392","-0.06325091807915945"
"sisters","sister","2","1000","0.002","-0.5450950555013376","0.5930983082739562"
"singles","singl","2","1000","0.002","-0.7407673718210185","-0.23366174521780558"
"singer","singer","2","1000","0.002","-0.5453844239847787","0.7104283682298361"
"showcase","showcas","2","1000","0.002","-0.8288502212224992","-0.7228557317359788"
"shortlisted","shortlist","2","1000","0.002","-0.7188456912948005","-0.6378895267605457"
"shocked","shock","2","1000","0.002","-0.7517624353388583","0.09750594318218533"
"sheffield","sheffield","2","1000","0.002","0.7705650664050493","0.11371251813494707"
"shapovalov","shapovalov","2","1000","0.002","",""
"shanghai","shanghai","2","1000","0.002","0.47909536071751924","-0.4396261125800491"
"sexist","sexist","2","1000","0.002","-0.21417455729937293","0.2197607187117393"
"servicemen","servicemen","2","1000","0.002","-0.7436601763313107","1.0134317371884505"
"serb","serb","2","1000","0.002","",""
"semi-finals","semi-fin","2","1000","0.002","-1.2037625890085741","-0.15106798191517165"
"secured","secur","2","1000","0.002","-0.7730038933220458","-0.7724034891193711"
"seal","seal","2","1000","0.002","-0.5250968401592282","-0.23763584239963845"
"scoop","scoop","2","1000","0.002","-0.37795804036794245","-0.4224770352706792"
"schroder","schroder","2","1000","0.002","",""
"schoolchildren","schoolchildren","2","1000","0.002","-0.7156067209363779","0.792342745500708"
"saracens","saracen","2","1000","0.002","",""
"sara","sara","2","1000","0.002","1.4468896392414947","-0.005650001189212304"
"santa","santa","2","1000","0.002","1.2867520893223319","0.38656414508331766"
"sanllehi","sanllehi","2","1000","0.002","",""
"sampras","sampra","2","1000","0.002","",""
"sajid","sajid","2","1000","0.002","",""
"sack","sack","2","1000","0.002","-0.3587376696537463","0.11696954682159856"
"saatchi","saatchi","2","1000","0.002","",""
"sa","sa","2","1000","0.002","0.894746126891594","-0.6309921765773111"
"s4","s4","2","1000","0.002","0.1987140433145799","-0.31831419296895475"
"rylan","rylan","2","1000","0.002","",""
"ryan","ryan","2","1000","0.002","2.269659734346334","-0.14343980106644735"
"run-in","run-in","2","1000","0.002","-0.42145090302635985","-0.20765445823056758"
"routes","rout","2","1000","0.002","-0.6773552931937462","-0.0304043864338809"
"rides","ride","2","1000","0.002","-0.6395800746192807","-0.17536094192804677"
"retreat","retreat","2","1000","0.002","-0.6400899544937138","0.09141707830600326"
"respecter","respect","2","1000","0.002","0.047146230206687394","-0.07326459992190612"
"resided","resid","2","1000","0.002","-0.7104032198467154","0.14920787133784194"
"repeatedly","repeat","2","1000","0.002","-0.827560800414189","0.0513191835812259"
"reminds","remind","2","1000","0.002","-0.46834142140871626","-0.358609940381691"
"remainers","remain","2","1000","0.002","",""
"relishing","relish","2","1000","0.002","-0.9784613612037152","-0.35925426701702917"
"relaxed","relax","2","1000","0.002","-0.7847166216789262","-0.14507596101351566"
"reject","reject","2","1000","0.002","-0.6272854542691659","-0.3202535041581343"
"reimbursement","reimburs","2","1000","0.002","-0.6139693600441478","-0.3183302819229687"
"regent","regent","2","1000","0.002","-0.33775978765327225","0.7313764326628547"
"referee","refere","2","1000","0.002","-0.4003999854810152","0.8066224369092108"
"redknapp","redknapp","2","1000","0.002","0.4797571050661633","0.013241982812806924"
"reclaim","reclaim","2","1000","0.002","-0.7753828728826991","-0.3133512120761248"
"reckless","reckless","2","1000","0.002","-0.611357024991042","0.15489926141859103"
"rebuild","rebuild","2","1000","0.002","-0.800500215247104","-0.20353692974505505"
"rebranded","rebrand","2","1000","0.002","-0.5101515137372162","-0.9292725169010378"
"readying","readi","2","1000","0.002","-0.8397123812036248","-0.7415899538216731"
"raving","rave","2","1000","0.002","-0.13960443896754787","-0.34958287162491875"
"raul","raul","2","1000","0.002","0.9468276031996344","0.025023217562512013"
"raped","rape","2","1000","0.002","-0.7173054828814306","0.7729272027798564"
"raonic","raonic","2","1000","0.002","",""
"rangers","ranger","2","1000","0.002","-0.4208782214876793","0.7717542123258816"
"raffaello","raffaello","2","1000","0.002","",""
"racist","racist","2","1000","0.002","-0.10547663695999258","0.6864693872575588"
"quit","quit","2","1000","0.002","-0.4927199973743134","-0.328696489594459"
"queer","queer","2","1000","0.002","-0.16147340503606952","0.3062617040036336"
"publications","public","2","1000","0.002","-0.5582444657487002","-0.29975123373072954"
"pub","pub","2","1000","0.002","-0.31901778808823605","0.6432832905618024"
"prosus","prosus","2","1000","0.002","",""
"prop","prop","2","1000","0.002","-0.4724436333937059","-0.1447098708818785"
"projection","project","2","1000","0.002","-0.6668421587899088","-0.24519691454278042"
"professor","professor","2","1000","0.002","-0.7601515210880655","0.30061995869274655"
"pro","pro","2","1000","0.002","-0.30709560846480066","-0.14553466682901306"
"privileged","privileg","2","1000","0.002","-0.610430877354759","0.05060863509052475"
"preventable","prevent","2","1000","0.002","-0.84608391132259","0.2332616157651048"
"pret","pret","2","1000","0.002","0.30881051099460294","0.079055761040441"
"prestigious","prestigi","2","1000","0.002","-0.8110788326088554","-0.47138468855531934"
"presidential","presidenti","2","1000","0.002","-0.5399505621891595","0.5695573364437905"
"presenter","present","2","1000","0.002","-0.530827606968022","0.057892444006442986"
"premiership","premiership","2","1000","0.002","-0.31473032126386186","0.3174249149213001"
"predicted","predict","2","1000","0.002","-0.7204764731772476","-0.654451749337701"
"posh","posh","2","1000","0.002","-0.2137482627883611","0.23231398006118273"
"portslade","portslad","2","1000","0.002","",""
"pope","pope","2","1000","0.002","-0.5509408838150921","1.3662369036934978"
"poland","poland","2","1000","0.002","1.0198588807727664","-0.10718207960494953"
"poised","pois","2","1000","0.002","-0.8702341423028731","-0.8502114822667035"
"pneumonia","pneumonia","2","1000","0.002","-0.6573240505685675","0.34946181824662226"
"picks","pick","2","1000","0.002","-0.41890045321393404","-0.8787145899493914"
"peterside","petersid","2","1000","0.002","",""
"peter","peter","2","1000","0.002","0.9866374003112758","-0.3049307934480708"
"pete","pete","2","1000","0.002","1.741320505183941","0.13247024095154025"
"perth","perth","2","1000","0.002","1.1312615058398672","-0.19054874026187135"
"persecution","persecut","2","1000","0.002","-0.5129419095781473","0.7955812407135252"
"partners","partner","2","1000","0.002","-0.7752485555850703","-0.6291737035382731"
"participating","particip","2","1000","0.002","-0.7665866794039388","-0.5140824068368215"
"paolo","paolo","2","1000","0.002","",""
"pantucci","pantucci","2","1000","0.002","",""
"pan-european","pan-european","2","1000","0.002","",""
"palazzi","palazzi","2","1000","0.002","-0.17745239101981863","0.2268227593931555"
"pairs","pair","2","1000","0.002","-0.3940295283947331","-0.4308513830881732"
"pa","pa","2","1000","0.002","0.9699898125421966","-0.15866366896978432"
"owns","own","2","1000","0.002","-0.9821214757972229","-1.0154341339441963"
"overtime","overtim","2","1000","0.002","-1.0244650337264671","0.002672377379984354"
"outlets","outlet","2","1000","0.002","-0.611161032199701","-0.30154426544267654"
"orthodox","orthodox","2","1000","0.002","-0.3083034085459393","0.14886689643499582"
"optimistic","optimist","2","1000","0.002","-0.9522181980479382","-0.5438816164888124"
"operators","oper","2","1000","0.002","-0.5331018971557896","-0.4394080428925819"
"onlooker","onlook","2","1000","0.002","-0.6057746416619739","0.6370219355697992"
"onex","onex","2","1000","0.002","",""
"oligarchs","oligarch","2","1000","0.002","-0.0752197599046635","0.4137503511140578"
"offence","offenc","2","1000","0.002","",""
"odeon","odeon","2","1000","0.002","",""
"occupies","occupi","2","1000","0.002","-0.7556084032719397","-0.6952284980133618"
"nurseries","nurseri","2","1000","0.002","-0.4168777108985159","0.22251044886156823"
"nottingham","nottingham","2","1000","0.002","0.15953934039981646","-0.14265444918900608"
"notched","notch","2","1000","0.002","-0.7257308521716728","-1.0125963313154827"
"northeast","northeast","2","1000","0.002","-0.6323853539400857","0.02460087706345533"
"nick","nick","2","1000","0.002","0.13877865284483967","-0.11727617300043197"
"nhs","nhs","2","1000","0.002","0.6719185699249371","-0.13982095173985876"
"neymar","neymar","2","1000","0.002","",""
"newnham","newnham","2","1000","0.002","",""
"netherlands","netherland","2","1000","0.002","1.1552674594923045","0.014706622552898417"
"neighbourhood","neighbourhood","2","1000","0.002","",""
"neatly","neat","2","1000","0.002","-0.4017240229047772","0.007457558065527108"
"navigation","navig","2","1000","0.002","-0.2785879726678794","-0.3502853989774127"
"nativity","nativ","2","1000","0.002","-0.36586803823646946","1.397097608254828"
"nations","nation","2","1000","0.002","-0.40726773959237894","0.12145507489698706"
"natalia","natalia","2","1000","0.002","",""
"nadiya","nadiya","2","1000","0.002","",""
"multiculturalism","multicultur","2","1000","0.002","-0.10257197950620034","0.7387600417018484"
"mps","mps","2","1000","0.002","0.8444556873073507","-0.055311844747318574"
"mora","mora","2","1000","0.002","0.7758754424834624","-0.049175886723531105"
"miller","miller","2","1000","0.002","0.8859281185095204","0.24188391265523884"
"milkshake","milkshak","2","1000","0.002","-0.3424745448707767","0.15909541509768577"
"midday","midday","2","1000","0.002","-0.4914928684740539","-0.03273839898442104"
"merkley","merkley","2","1000","0.002","",""
"merges","merg","2","1000","0.002","-0.6212966915717847","-1.1624113453343823"
"melbourne's","melbourn","2","1000","0.002","",""
"melanie","melani","2","1000","0.002","0.4247247446818267","-0.06237781128536402"
"mechanic","mechan","2","1000","0.002","-0.5021004409213978","0.13789428714622412"
"mcmaster","mcmaster","2","1000","0.002","",""
"mbappe","mbapp","2","1000","0.002","",""
"maxwell","maxwel","2","1000","0.002","0.7393983455774173","-0.11837953698033278"
"marylebone","marylebon","2","1000","0.002","",""
"maryam","maryam","2","1000","0.002","",""
"martinis","martini","2","1000","0.002","-0.07883576789683772","0.10697404658653525"
"markle","markl","2","1000","0.002","",""
"maritime","maritim","2","1000","0.002","-0.38255172656812225","0.13958176906867317"
"mansion","mansion","2","1000","0.002","-0.49574976445207436","0.963157626673591"
"managing","manag","2","1000","0.002","-0.813707755741563","-0.6381495305569377"
"mallinckrodt","mallinckrodt","2","1000","0.002","",""
"maiklem","maiklem","2","1000","0.002","",""
"madrid's","madrid","2","1000","0.002","",""
"maddinson","maddinson","2","1000","0.002","",""
"mac","mac","2","1000","0.002","1.5218826185640975","-0.22913564760254876"
"luxe","lux","2","1000","0.002","-0.18495161945781063","-0.1416062014888541"
"luton","luton","2","1000","0.002","",""
"lured","lure","2","1000","0.002","-0.8866127380315133","-0.5483569249457607"
"lorry","lorri","2","1000","0.002","-0.339615337668311","0.7957774566262787"
"long-time","long-tim","2","1000","0.002","-0.9938154518062104","-0.3425604767121825"
"lib","lib","2","1000","0.002","1.2004311110807333","0.10369916350301195"
"liar","liar","2","1000","0.002","0.005376558560076414","0.4582208218155339"
"liam","liam","2","1000","0.002","1.0953364557972876","-0.09736545995056356"
"lex","lex","2","1000","0.002","0.9738624439104009","-0.18367503542951633"
"legacy","legaci","2","1000","0.002","-0.7386058285202789","0.006466721917215214"
"lecturer","lectur","2","1000","0.002","-0.6311936532055296","0.43211942828830596"
"leased","leas","2","1000","0.002","-0.885836886112858","-0.6516551673278733"
"learnt","learnt","2","1000","0.002","",""
"leapfrog","leapfrog","2","1000","0.002","-0.9940277462922986","-0.8821929891493112"
"lawther","lawther","2","1000","0.002","",""
"lara","lara","2","1000","0.002","0.7661070300429803","-0.15571227259325823"
"lampard","lampard","2","1000","0.002","1.3798421955698936","-0.07791933844100449"
"kyari","kyari","2","1000","0.002","",""
"kurdish","kurdish","2","1000","0.002","0.16452732861758526","0.17351015465106276"
"kremlin","kremlin","2","1000","0.002","0.19033209363855186","0.35043172541212236"
"kotey","kotey","2","1000","0.002","",""
"knock","knock","2","1000","0.002","-0.5637168334218035","-0.36022521781625155"
"klopp","klopp","2","1000","0.002","",""
"kitchener","kitchen","2","1000","0.002","",""
"jung","jung","2","1000","0.002","0.3632968116737461","0.3509862878314948"
"journeys","journey","2","1000","0.002","-0.6670230312773928","0.19933266801652152"
"josh","josh","2","1000","0.002","1.3683489010584777","-0.05243632190083387"
"joins","join","2","1000","0.002","-0.7404006668687008","-1.2339631281253312"
"joe","joe","2","1000","0.002","1.4299368052427854","-0.12680998779527589"
"jewish","jewish","2","1000","0.002","1.3251453430226838","0.4787890295370635"
"jay","jay","2","1000","0.002","1.4207090563177052","0.19164244521966747"
"javid","javid","2","1000","0.002","",""
"jackson","jackson","2","1000","0.002","1.9346255275966338","0.15632604647492718"
"irishman","irishman","2","1000","0.002","",""
"ireland","ireland","2","1000","0.002","1.799304408912852","-0.1277161166842823"
"iopc","iopc","2","1000","0.002","",""
"invest","invest","2","1000","0.002","-0.7226424795649142","-0.7810310593313526"
"interception","intercept","2","1000","0.002","-0.909104813763524","-0.0067319633907239355"
"intelligence","intellig","2","1000","0.002","-0.5851057205878273","0.1931010235232775"
"insult","insult","2","1000","0.002","-0.47824881184229845","0.5237869891467913"
"inequities","inequ","2","1000","0.002","-0.728149505556288","0.20004754916826903"
"inauguration","inaugur","2","1000","0.002","-0.6195887487582837","0.5010519187039882"
"impending","impend","2","1000","0.002","-0.6103184999393763","-0.2726910002924329"
"impaired","impair","2","1000","0.002","-0.5943093697691583","-0.228662443090876"
"immigrants","immigr","2","1000","0.002","-0.6081734406661621","0.7635011993483817"
"ill","ill","2","1000","0.002","-0.6566960322594059","0.4956568798741581"
"horrific","horrif","2","1000","0.002","-0.6423211122870506","0.4832468587942746"
"hoodoo","hoodoo","2","1000","0.002","-0.3770509344202007","0.15903439825760737"
"holiday","holiday","2","1000","0.002","-0.7010588821193601","0.17758683446818718"
"highlights","highlight","2","1000","0.002","-0.5536406786138793","-0.6872925122904904"
"high-end","high-end","2","1000","0.002","-0.13145444555531638","-0.6817489508255282"
"helsinki","helsinki","2","1000","0.002","0.2080705809463203","-0.2996609782429722"
"helmets","helmet","2","1000","0.002","-0.4549263669369449","0.42481812044174966"
"helen","helen","2","1000","0.002","1.2720354936991487","0.09466282722205956"
"haye","hay","2","1000","0.002","0.41309171605097456","0.024480568810758663"
"hawass","hawass","2","1000","0.002","",""
"hartley","hartley","2","1000","0.002","",""
"harrow","harrow","2","1000","0.002","0.14548438723593585","-0.15862053068991536"
"hae-in","hae-in","2","1000","0.002","",""
"gym","gym","2","1000","0.002","-0.6563400676202491","0.3171441007152569"
"gunners","gunner","2","1000","0.002","-0.1060748820608665","0.44414065406400793"
"guideline","guidelin","2","1000","0.002","-0.5051633546461369","-0.18338469860274706"
"guard","guard","2","1000","0.002","-0.7118604363827319","0.3165487093045334"
"guangzhou","guangzhou","2","1000","0.002","",""
"granit","granit","2","1000","0.002","",""
"graduated","graduat","2","1000","0.002","-0.959493618249759","-0.22512753386546772"
"gp","gp","2","1000","0.002","1.4784067515746573","-0.4818177045836777"
"gorgeous","gorgeous","2","1000","0.002","-0.09757243853819475","0.15837425119924323"
"golders","golder","2","1000","0.002","",""
"goalkeeper","goalkeep","2","1000","0.002","-0.712167435102245","0.592398260954295"
"glimpse","glimps","2","1000","0.002","-0.833117383513239","-0.03113360670856016"
"gifts","gift","2","1000","0.002","-0.6664905059999925","0.29497895746511354"
"generate","generat","2","1000","0.002","-0.7217551196633719","-0.7920633806573525"
"gap","gap","2","1000","0.002","-0.7440184912889496","-0.39869249948289587"
"gala","gala","2","1000","0.002","-0.7958959956249111","0.29244376529285115"
"funding","fund","2","1000","0.002","-0.7427381380259639","-0.23687603742366012"
"fsl","fsl","2","1000","0.002","",""
"frontman","frontman","2","1000","0.002","-0.5296358818527157","0.20416073747084038"
"frock","frock","2","1000","0.002","0.054997652014362124","0.759083790211613"
"frieze","friez","2","1000","0.002","-0.5448345173512377","1.0957315275091164"
"founding","found","2","1000","0.002","-0.8815902327090412","-0.38939096635357257"
"fossil","fossil","2","1000","0.002","-0.3480451092359114","0.28509658376485825"
"forums","forum","2","1000","0.002","-0.22411443396054556","-0.09233244199945623"
"foresight","foresight","2","1000","0.002","-0.5259352267470401","-0.17262980915315593"
"foreground","foreground","2","1000","0.002","-0.44900385223401507","0.03024028128251717"
"fleeing","flee","2","1000","0.002","-0.7917338858338174","0.25196202318823385"
"flag","flag","2","1000","0.002","-0.5592893706267662","0.8046544052991604"
"finishes","finish","2","1000","0.002","-0.6573428831991448","-0.5764033358995861"
"finalist","finalist","2","1000","0.002","-0.9652187057954222","-0.6401588355138558"
"fifa","fifa","2","1000","0.002","1.7588969851886294","0.06364078083738291"
"festive","festiv","2","1000","0.002","-0.6680603040727741","0.3918690670703048"
"felipe","felip","2","1000","0.002","",""
"featured","featur","2","1000","0.002","-0.7075364707863981","-0.7566906501873827"
"fatal","fatal","2","1000","0.002","-0.5488348894923586","0.2144010919730481"
"fares","fare","2","1000","0.002","-0.4494501434920085","-0.035932500957281746"
"fan","fan","2","1000","0.002","-0.31460853055800586","0.02860364992617127"
"families","famili","2","1000","0.002","-0.7996260868215657","0.43900984963036505"
"fails","fail","2","1000","0.002","-0.3994169835222284","-0.6150475459893452"
"expand","expand","2","1000","0.002","-0.8712417486023591","-0.9289807703971518"
"exchange-refinitiv","exchange-refinitiv","2","1000","0.002","",""
"exchanges","exchang","2","1000","0.002","-0.5822299497124551","-0.22404963312156287"
"eu","eu","2","1000","0.002","2.021651719083211","-0.19601143146058922"
"epstein","epstein","2","1000","0.002","",""
"entrepreneurs","entrepreneur","2","1000","0.002","-0.6811583592099073","-0.21606116707190454"
"end-of-season","end-of-season","2","1000","0.002","",""
"enables","enabl","2","1000","0.002","-0.36064388897099403","-1.0954809798450638"
"employs","employ","2","1000","0.002","-0.868969466563486","-1.0955482159979184"
"emissions","emiss","2","1000","0.002","-0.4186765010400051","-0.0898841623778825"
"emilia","emilia","2","1000","0.002","",""
"emerge","emerg","2","1000","0.002","-0.5478258866920716","-0.6025776225934382"
"embargoed","embargo","2","1000","0.002","-0.2822997885699283","-0.26468524871430915"
"edged","edg","2","1000","0.002","-1.0011265890228134","-0.9152324503590796"
"ederson","ederson","2","1000","0.002","",""
"ed","ed","2","1000","0.002","0.5927071108472746","-0.2375232775532458"
"eastern","eastern","2","1000","0.002","-0.41082710567249237","0.08152618077774557"
"ealing","eal","2","1000","0.002","",""
"eagles","eagl","2","1000","0.002","-0.100638883185088","0.3763588096137419"
"dundee","dunde","2","1000","0.002","0.15904478389429552","-0.021861315291368314"
"dubai","dubai","2","1000","0.002","1.564871912632482","-0.15533810763528932"
"dreaded","dread","2","1000","0.002","-0.17875049862882883","-0.20997337978448677"
"drake","drake","2","1000","0.002","0.9052100365784046","0.36181196715168146"
"drag","drag","2","1000","0.002","-0.38759200243851344","-0.3467359883454279"
"donation","donat","2","1000","0.002","-0.8125349913192231","0.18158463693354324"
"dispatched","dispatch","2","1000","0.002","-0.6753103310816294","-0.4414239480530387"
"discovered","discov","2","1000","0.002","-0.555973837306324","-0.236215770497945"
"discount","discount","2","1000","0.002","-0.3174258789733178","-0.6077718920992853"
"dickensian","dickensian","2","1000","0.002","",""
"diana","diana","2","1000","0.002","0.9210900770181379","0.2307898147988653"
"dewitt","dewitt","2","1000","0.002","",""
"developers","develop","2","1000","0.002","-0.5396672411584602","-0.2513037390353347"
"deteriorated","deterior","2","1000","0.002","-0.771943195361555","-0.15910297689009475"
"detectives","detect","2","1000","0.002","-0.9207978415076542","0.565022658587323"
"derby","derbi","2","1000","0.002","-0.4033339250705749","0.22710622274297101"
"departs","depart","2","1000","0.002","-0.6171003200233904","-0.5156256234244753"
"dentsu","dentsu","2","1000","0.002","",""
"denotes","denot","2","1000","0.002","0.3456591950774079","-0.6435721382206031"
"denis","deni","2","1000","0.002","0.4829310035151925","-0.09924298977926901"
"demonstrating","demonstr","2","1000","0.002","-0.5965979955936991","-0.5211761560988545"
"dem","dem","2","1000","0.002","1.2663916870004777","-0.1858501305220324"
"defence","defenc","2","1000","0.002","",""
"deduction","deduct","2","1000","0.002","-0.45398103161087483","-0.10123892797236782"
"decker","decker","2","1000","0.002","-0.30074382664374366","0.2169414904372475"
"decade-long","decade-long","2","1000","0.002","-0.8791651575636703","-0.3378276861590226"
"darts","dart","2","1000","0.002","-0.08660919615124779","0.05478652129324058"
"dan","dan","2","1000","0.002","1.3971017458877244","-0.18485043210790159"
"dame","dame","2","1000","0.002","0.29886313952824034","0.5329368938375848"
"daft","daft","2","1000","0.002","0.1761772059554464","0.05712043678886134"
"curse","curs","2","1000","0.002","-0.23270845438706625","0.3140495367546008"
"curable","curabl","2","1000","0.002","-0.5197719590583066","0.12444948270725363"
"cum","cum","2","1000","0.002","0.1952299759550384","-0.4871836403778573"
"cue","cue","2","1000","0.002","-0.396651256017231","-0.26402109681702685"
"crime","crime","2","1000","0.002","-0.4332912231847178","0.5768216383788581"
"cork","cork","2","1000","0.002","-0.020608416378193148","-0.04751062177703059"
"copped","cop","2","1000","0.002","-0.38508688990318773","-0.4482550689292806"
"coordinated","coordin","2","1000","0.002","-0.6551396593878326","-0.30273767433855425"
"convert","convert","2","1000","0.002","-0.638165080554354","-0.6962837158510579"
"controversial","controversi","2","1000","0.002","-0.6302864883769594","-0.07256146468697575"
"contests","contest","2","1000","0.002","-0.6496210780142593","-0.3885245756896481"
"consent","consent","2","1000","0.002","-0.581439416843199","0.11010385641929793"
